Sample_title,Sample_geo_accession
concentration_1 rep1,GSM2991062
concentration_100 rep1,GSM2991063
concentration_250 rep1,GSM2991064
concentration_500 rep1,GSM2991065
concentration_1 rep2,GSM2991066
concentration_100 rep 2,GSM2991067
concentration_100 rep2,GSM2991068
concentration_500 rep2,GSM2991069
time_101SR,GSM2991070
time_101FR,GSM2991071
time_103SR,GSM2991072
time_103FR,GSM2991073
time_104SR,GSM2991074
time_104FR,GSM2991075
time_107SR,GSM2991076
time_107FR,GSM2991077
time_107SRN,GSM2991078
time_109SR,GSM2991079
time_109FR,GSM2991080
time_110SR,GSM2991081
time_110FR,GSM2991082
frozen_501,GSM2991083
frozen_501f,GSM2991084
frozen_506,GSM2991085
frozen_506f,GSM2991086
frozen_507,GSM2991087
frozen_507f,GSM2991088
frozen_510,GSM2991089
frozen_510f,GSM2991090